{
  "val": {
    "auroc": NaN,
    "aupr": 1.0,
    "best_f2": 0.9999999999997999,
    "thr_star": 0.4255681037902832,
    "pos_rate": 1.0,
    "f1": 1.0,
    "cm": [
      [
        0,
        0
      ],
      [
        0,
        516
      ]
    ]
  },
  "holdout": {
    "test_anormal_experiment_002.csv": {
      "auroc": 0.7078704471342508,
      "aupr": 0.6165778329996198,
      "best_f2": 0.6342857142854017,
      "thr_star": 0.29615357518196106,
      "pos_rate": 0.988558352402746,
      "f1": 0.4088397790055249,
      "cm": [
        [
          5,
          321
        ],
        [
          0,
          111
        ]
      ]
    },
    "test_anormal_experiment_004.csv": {
      "auroc": 0.425224993157632,
      "aupr": 0.5086374559161886,
      "best_f2": 0.7206119162637851,
      "thr_star": 0.2766491770744324,
      "pos_rate": 1.0,
      "f1": 0.5078014184397163,
      "cm": [
        [
          0,
          347
        ],
        [
          0,
          179
        ]
      ]
    },
    "test_anormal_experiment_005 (2).csv": {
      "auroc": 0.9414214083278831,
      "aupr": 0.9254418816203983,
      "best_f2": 0.8939213349223171,
      "thr_star": 0.4706057608127594,
      "pos_rate": 0.40632054176072235,
      "f1": 0.8695652173913043,
      "cm": [
        [
          248,
          30
        ],
        [
          15,
          150
        ]
      ]
    },
    "test_anormal_experiment_005.csv": {
      "auroc": NaN,
      "aupr": 0.9999999999999999,
      "best_f2": 0.9999999999997999,
      "thr_star": 0.36638492345809937,
      "pos_rate": 1.0,
      "f1": 1.0,
      "cm": [
        [
          0,
          0
        ],
        [
          0,
          436
        ]
      ]
    },
    "test_anormal_experiment_006.csv": {
      "auroc": 0.6385624254811786,
      "aupr": 0.46975696448031234,
      "best_f2": 0.8028169014081635,
      "thr_star": 0.5600569248199463,
      "pos_rate": 0.8,
      "f1": 0.6162162162162163,
      "cm": [
        [
          32,
          71
        ],
        [
          0,
          57
        ]
      ]
    },
    "test_anormal_experiment_007.csv": {
      "auroc": NaN,
      "aupr": 1.0,
      "best_f2": 0.9999999999997999,
      "thr_star": 0.29139843583106995,
      "pos_rate": 1.0,
      "f1": 1.0,
      "cm": [
        [
          0,
          0
        ],
        [
          0,
          340
        ]
      ]
    },
    "test_anormal_experiment_008.csv": {
      "auroc": 0.44302430243024304,
      "aupr": 0.657379495411087,
      "best_f2": 0.8448540706602484,
      "thr_star": 0.31943362951278687,
      "pos_rate": 1.0,
      "f1": 0.6853582554517134,
      "cm": [
        [
          0,
          101
        ],
        [
          0,
          110
        ]
      ]
    },
    "test_anormal_experiment_009.csv": {
      "auroc": NaN,
      "aupr": 1.0,
      "best_f2": 0.9999999999997999,
      "thr_star": 0.4173831045627594,
      "pos_rate": 1.0,
      "f1": 1.0,
      "cm": [
        [
          0,
          0
        ],
        [
          0,
          298
        ]
      ]
    },
    "test_anormal_experiment_011.csv": {
      "auroc": NaN,
      "aupr": 1.0,
      "best_f2": 0.9999999999997999,
      "thr_star": 0.49558284878730774,
      "pos_rate": 1.0,
      "f1": 1.0,
      "cm": [
        [
          0,
          0
        ],
        [
          0,
          513
        ]
      ]
    },
    "test_anormal_experiment_012.csv": {
      "auroc": NaN,
      "aupr": 0.9999999999999999,
      "best_f2": 0.9999999999997999,
      "thr_star": 0.44589170813560486,
      "pos_rate": 1.0,
      "f1": 1.0,
      "cm": [
        [
          0,
          0
        ],
        [
          0,
          382
        ]
      ]
    },
    "test_anormal_experiment_013.csv": {
      "auroc": NaN,
      "aupr": 1.0,
      "best_f2": 0.9999999999997999,
      "thr_star": 0.36807793378829956,
      "pos_rate": 1.0,
      "f1": 1.0,
      "cm": [
        [
          0,
          0
        ],
        [
          0,
          464
        ]
      ]
    },
    "test_anormal_experiment_014.csv": {
      "auroc": NaN,
      "aupr": 1.0,
      "best_f2": 0.9999999999997999,
      "thr_star": 0.5728225111961365,
      "pos_rate": 1.0,
      "f1": 1.0,
      "cm": [
        [
          0,
          0
        ],
        [
          0,
          2579
        ]
      ]
    },
    "test_anormal_experiment_111.csv": {
      "auroc": 0.49103139013452907,
      "aupr": 0.22301239779542575,
      "best_f2": 0.30303030303005507,
      "thr_star": 0.5896020531654358,
      "pos_rate": 0.043668122270742356,
      "f1": 0.25,
      "cm": [
        [
          215,
          8
        ],
        [
          4,
          2
        ]
      ]
    }
  },
  "holdout_all_cm": [
    [
      500,
      878
    ],
    [
      19,
      5621
    ]
  ]
}