{
  "val": {
    "auroc": NaN,
    "aupr": 1.0,
    "best_f2": 0.9999999999997999,
    "thr_star": 0.4702235758304596,
    "pos_rate": 1.0,
    "f1": 1.0,
    "cm": [
      [
        0,
        0
      ],
      [
        0,
        516
      ]
    ]
  },
  "holdout": {
    "test_anormal_experiment_002.csv": {
      "auroc": 0.6387276847399547,
      "aupr": 0.4555937876811157,
      "best_f2": 0.6441717791407943,
      "thr_star": 0.4633258879184723,
      "pos_rate": 0.851258581235698,
      "f1": 0.43478260869565216,
      "cm": [
        [
          59,
          267
        ],
        [
          6,
          105
        ]
      ]
    },
    "test_anormal_experiment_004.csv": {
      "auroc": 0.42016969072496907,
      "aupr": 0.4876427965026843,
      "best_f2": 0.7206119162637851,
      "thr_star": 0.42457255721092224,
      "pos_rate": 1.0,
      "f1": 0.5078014184397163,
      "cm": [
        [
          0,
          347
        ],
        [
          0,
          179
        ]
      ]
    },
    "test_anormal_experiment_005 (2).csv": {
      "auroc": 0.0250054501853063,
      "aupr": 0.21792210667446135,
      "best_f2": 0.7479601087938972,
      "thr_star": 0.45734038949012756,
      "pos_rate": 1.0,
      "f1": 0.5427631578947368,
      "cm": [
        [
          0,
          278
        ],
        [
          0,
          165
        ]
      ]
    },
    "test_anormal_experiment_005.csv": {
      "auroc": NaN,
      "aupr": 0.9999999999999999,
      "best_f2": 0.9999999999997999,
      "thr_star": 0.46671512722969055,
      "pos_rate": 1.0,
      "f1": 1.0,
      "cm": [
        [
          0,
          0
        ],
        [
          0,
          436
        ]
      ]
    },
    "test_anormal_experiment_006.csv": {
      "auroc": 0.2164878214954863,
      "aupr": 0.2418043526993483,
      "best_f2": 0.7539682539679547,
      "thr_star": 0.5239502191543579,
      "pos_rate": 0.94375,
      "f1": 0.5480769230769231,
      "cm": [
        [
          9,
          94
        ],
        [
          0,
          57
        ]
      ]
    },
    "test_anormal_experiment_007.csv": {
      "auroc": NaN,
      "aupr": 1.0,
      "best_f2": 0.9999999999997999,
      "thr_star": 0.4281071126461029,
      "pos_rate": 1.0,
      "f1": 1.0,
      "cm": [
        [
          0,
          0
        ],
        [
          0,
          340
        ]
      ]
    },
    "test_anormal_experiment_008.csv": {
      "auroc": 0.4488748874887488,
      "aupr": 0.6646453974623903,
      "best_f2": 0.8448540706602484,
      "thr_star": 0.4068392217159271,
      "pos_rate": 1.0,
      "f1": 0.6853582554517134,
      "cm": [
        [
          0,
          101
        ],
        [
          0,
          110
        ]
      ]
    },
    "test_anormal_experiment_009.csv": {
      "auroc": NaN,
      "aupr": 1.0,
      "best_f2": 0.9999999999997999,
      "thr_star": 0.47397685050964355,
      "pos_rate": 1.0,
      "f1": 1.0,
      "cm": [
        [
          0,
          0
        ],
        [
          0,
          298
        ]
      ]
    },
    "test_anormal_experiment_011.csv": {
      "auroc": NaN,
      "aupr": 1.0,
      "best_f2": 0.9999999999997999,
      "thr_star": 0.47735199332237244,
      "pos_rate": 1.0,
      "f1": 1.0,
      "cm": [
        [
          0,
          0
        ],
        [
          0,
          513
        ]
      ]
    },
    "test_anormal_experiment_012.csv": {
      "auroc": NaN,
      "aupr": 0.9999999999999999,
      "best_f2": 0.9999999999997999,
      "thr_star": 0.48464253544807434,
      "pos_rate": 1.0,
      "f1": 1.0,
      "cm": [
        [
          0,
          0
        ],
        [
          0,
          382
        ]
      ]
    },
    "test_anormal_experiment_013.csv": {
      "auroc": NaN,
      "aupr": 1.0,
      "best_f2": 0.9999999999997999,
      "thr_star": 0.46193110942840576,
      "pos_rate": 1.0,
      "f1": 1.0,
      "cm": [
        [
          0,
          0
        ],
        [
          0,
          464
        ]
      ]
    },
    "test_anormal_experiment_014.csv": {
      "auroc": NaN,
      "aupr": 1.0,
      "best_f2": 0.9999999999997999,
      "thr_star": 0.5227679014205933,
      "pos_rate": 1.0,
      "f1": 1.0,
      "cm": [
        [
          0,
          0
        ],
        [
          0,
          2579
        ]
      ]
    },
    "test_anormal_experiment_111.csv": {
      "auroc": 0.8325859491778773,
      "aupr": 0.3865314382216898,
      "best_f2": 0.3846153846152958,
      "thr_star": 0.614797055721283,
      "pos_rate": 0.013100436681222707,
      "f1": 0.4444444444444444,
      "cm": [
        [
          222,
          1
        ],
        [
          4,
          2
        ]
      ]
    }
  },
  "holdout_all_cm": [
    [
      290,
      1088
    ],
    [
      10,
      5630
    ]
  ]
}